{
  "project_info": {
    "project_number": "966923205437",
    "firebase_url": "https://travelmantics-b65eb.firebaseio.com",
    "project_id": "travelmantics-b65eb",
    "storage_bucket": "travelmantics-b65eb.appspot.com"
  },
  "client": [
    {
      "client_info": {
        "mobilesdk_app_id": "1:966923205437:android:c19f8f8488546399",
        "android_client_info": {
          "package_name": "com.example.android.travelmantics"
        }
      },
      "oauth_client": [
        {
          "client_id": "966923205437-eip6eaq2nmb0lue3ujbnqnehh9titbur.apps.googleusercontent.com",
          "client_type": 1,
          "android_info": {
            "package_name": "com.example.android.travelmantics",
            "certificate_hash": "97b07c7823be5c3a45e6e581bbe80eebb9510113"
          }
        },
        {
          "client_id": "966923205437-r47j65ub3c63mel02avoa9nh9pqkriih.apps.googleusercontent.com",
          "client_type": 3
        }
      ],
      "api_key": [
        {
          "current_key": "AIzaSyCs9siSgY2juc4J0Jw9a7bS15lrjwhRbKY"
        }
      ],
      "services": {
        "appinvite_service": {
          "other_platform_oauth_client": [
            {
              "client_id": "966923205437-r47j65ub3c63mel02avoa9nh9pqkriih.apps.googleusercontent.com",
              "client_type": 3
            }
          ]
        }
      }
    }
  ],
  "configuration_version": "1"
}